-- Migrations: add missing columns
ALTER TABLE health_entries ADD COLUMN feel_if_accomplish TEXT DEFAULT '';
ALTER TABLE health_entries ADD COLUMN what_if_dont TEXT DEFAULT '';
-- Drop and re-seed all data
DELETE FROM sessions;
DELETE FROM keys_entries;
DELETE FROM health_entries;
DELETE FROM health_goals;
DELETE FROM goals;
DELETE FROM people;
DELETE FROM reflections;
CREATE TABLE IF NOT EXISTS app_meta (key TEXT PRIMARY KEY, val TEXT);
INSERT INTO sessions (id, title, date, status) VALUES ('session-jan-2024', 'RE:NEW (Jan 2024)', '2024-01-01', 'completed');
INSERT INTO keys_entries (session_id, module_key, name, tags, time_allotted, user_response, completed, sort_order) VALUES ('session-jan-2024', 'reverence', 'Reverence', '["Acknowledge"]', '10 mins', '', 1, 0);
INSERT INTO keys_entries (session_id, module_key, name, tags, time_allotted, user_response, completed, sort_order) VALUES ('session-jan-2024', 'release', 'Release', '["Confession", "Forgiveness"]', '30 mins', '', 1, 1);
INSERT INTO keys_entries (session_id, module_key, name, tags, time_allotted, user_response, completed, sort_order) VALUES ('session-jan-2024', 'repent', 'Repent', '["Repent", "Renounce"]', '', '', 1, 2);
INSERT INTO keys_entries (session_id, module_key, name, tags, time_allotted, user_response, completed, sort_order) VALUES ('session-jan-2024', 'respond', 'Respond', '["Journal", "Seek"]', '', '', 1, 3);
INSERT INTO keys_entries (session_id, module_key, name, tags, time_allotted, user_response, completed, sort_order) VALUES ('session-jan-2024', 'receive', 'Receive', '["Soak", "Hear", "Journal", "Confirm"]', '1-2 hours', '', 1, 4);
INSERT INTO health_entries (session_id, area, assessment, due_date, completed, feel_if_accomplish, what_if_dont) VALUES ('session-jan-2024', 'Spiritual Health', '', '2026-04-30', 1, '', '');
INSERT INTO health_entries (session_id, area, assessment, due_date, completed, feel_if_accomplish, what_if_dont) VALUES ('session-jan-2024', 'Relational Health', '', '2026-04-30', 1, '', '');
INSERT INTO health_entries (session_id, area, assessment, due_date, completed, feel_if_accomplish, what_if_dont) VALUES ('session-jan-2024', 'Financial Health', '', '2026-04-30', 1, '', '');
INSERT INTO health_entries (session_id, area, assessment, due_date, completed, feel_if_accomplish, what_if_dont) VALUES ('session-jan-2024', 'Mental Health', '', '2026-04-30', 1, '', '');
INSERT INTO health_entries (session_id, area, assessment, due_date, completed, feel_if_accomplish, what_if_dont) VALUES ('session-jan-2024', 'Physical Health', '', '2026-04-30', 1, '', '');
INSERT INTO health_goals (session_id, area, goal_text, status, due_date, sort_order) VALUES ('session-jan-2024', 'Spiritual Health', '', 'Not started', NULL, 0);
INSERT INTO health_goals (session_id, area, goal_text, status, due_date, sort_order) VALUES ('session-jan-2024', 'Spiritual Health', '', 'Not started', NULL, 1);
INSERT INTO health_goals (session_id, area, goal_text, status, due_date, sort_order) VALUES ('session-jan-2024', 'Spiritual Health', '', 'Not started', NULL, 2);
INSERT INTO health_goals (session_id, area, goal_text, status, due_date, sort_order) VALUES ('session-jan-2024', 'Relational Health', '', 'Not started', NULL, 0);
INSERT INTO health_goals (session_id, area, goal_text, status, due_date, sort_order) VALUES ('session-jan-2024', 'Relational Health', '', 'Not started', NULL, 1);
INSERT INTO health_goals (session_id, area, goal_text, status, due_date, sort_order) VALUES ('session-jan-2024', 'Relational Health', '', 'Not started', NULL, 2);
INSERT INTO health_goals (session_id, area, goal_text, status, due_date, sort_order) VALUES ('session-jan-2024', 'Financial Health', '', 'Not started', NULL, 0);
INSERT INTO health_goals (session_id, area, goal_text, status, due_date, sort_order) VALUES ('session-jan-2024', 'Financial Health', '', 'Not started', NULL, 1);
INSERT INTO health_goals (session_id, area, goal_text, status, due_date, sort_order) VALUES ('session-jan-2024', 'Financial Health', '', 'Not started', NULL, 2);
INSERT INTO health_goals (session_id, area, goal_text, status, due_date, sort_order) VALUES ('session-jan-2024', 'Mental Health', '', 'Not started', NULL, 0);
INSERT INTO health_goals (session_id, area, goal_text, status, due_date, sort_order) VALUES ('session-jan-2024', 'Mental Health', '', 'Not started', NULL, 1);
INSERT INTO health_goals (session_id, area, goal_text, status, due_date, sort_order) VALUES ('session-jan-2024', 'Mental Health', '', 'Not started', NULL, 2);
INSERT INTO health_goals (session_id, area, goal_text, status, due_date, sort_order) VALUES ('session-jan-2024', 'Physical Health', '', 'Not started', NULL, 0);
INSERT INTO health_goals (session_id, area, goal_text, status, due_date, sort_order) VALUES ('session-jan-2024', 'Physical Health', '', 'Not started', NULL, 1);
INSERT INTO health_goals (session_id, area, goal_text, status, due_date, sort_order) VALUES ('session-jan-2024', 'Physical Health', '', 'Not started', NULL, 2);
INSERT INTO goals (session_id, name, area, due_date, completed, notes) VALUES ('session-jan-2024', 'Finish Building Tables', 'Mental', '2023-11-18', 0, '');
INSERT INTO goals (session_id, name, area, due_date, completed, notes) VALUES ('session-jan-2024', 'Lose 4" in waist', 'Physical', '2023-10-31', 0, '');
INSERT INTO goals (session_id, name, area, due_date, completed, notes) VALUES ('session-jan-2024', 'Anniversary Trip', 'Relational', '2023-11-03', 0, '');
INSERT INTO goals (session_id, name, area, due_date, completed, notes) VALUES ('session-jan-2024', 'Pay off RH Refunds', 'Financial', '2023-12-31', 0, '');
INSERT INTO goals (session_id, name, area, due_date, completed, notes) VALUES ('session-jan-2024', 'Publish Sabbatical Template', 'Spiritual', '2023-12-31', 0, '');
INSERT INTO people (session_id, name, area, contacted, notes) VALUES ('session-jan-2024', 'Mentor 1', 'Mental Health', 0, '');
INSERT INTO people (session_id, name, area, contacted, notes) VALUES ('session-jan-2024', 'Mentor 2', 'Spiritual Health', 0, '');
INSERT INTO people (session_id, name, area, contacted, notes) VALUES ('session-jan-2024', 'Mentor 3', 'Physical Health', 0, '');
INSERT INTO people (session_id, name, area, contacted, notes) VALUES ('session-jan-2024', 'Mentor 4', 'Relational Health', 0, '');
INSERT INTO people (session_id, name, area, contacted, notes) VALUES ('session-jan-2024', 'Mentor 5', 'Financial Health', 0, '');
INSERT INTO reflections (session_id, how_will_i_feel, what_if_i_dont) VALUES ('session-jan-2024', '', '');
INSERT INTO sessions (id, title, date, status) VALUES ('session-weekend-2024', 'RE:NEW Weekend', '2024-07-11', 'completed');
INSERT INTO keys_entries (session_id, module_key, name, tags, time_allotted, user_response, completed, sort_order) VALUES ('session-weekend-2024', 'reverence', 'Reverence', '["Acknowledge"]', '10 mins', '', 1, 0);
INSERT INTO keys_entries (session_id, module_key, name, tags, time_allotted, user_response, completed, sort_order) VALUES ('session-weekend-2024', 'release', 'Release', '["Confession", "Forgiveness"]', '30 mins', '', 1, 1);
INSERT INTO keys_entries (session_id, module_key, name, tags, time_allotted, user_response, completed, sort_order) VALUES ('session-weekend-2024', 'repent', 'Repent', '["Repent", "Renounce"]', '', '', 1, 2);
INSERT INTO keys_entries (session_id, module_key, name, tags, time_allotted, user_response, completed, sort_order) VALUES ('session-weekend-2024', 'respond', 'Respond', '["Journal", "Seek"]', '', '', 1, 3);
INSERT INTO keys_entries (session_id, module_key, name, tags, time_allotted, user_response, completed, sort_order) VALUES ('session-weekend-2024', 'receive', 'Receive', '["Soak", "Hear", "Journal", "Confirm"]', '1-2 hours', '', 1, 4);
INSERT INTO health_entries (session_id, area, assessment, due_date, completed, feel_if_accomplish, what_if_dont) VALUES ('session-weekend-2024', 'Spiritual Health', '', NULL, 1, '', '');
INSERT INTO health_entries (session_id, area, assessment, due_date, completed, feel_if_accomplish, what_if_dont) VALUES ('session-weekend-2024', 'Relational Health', '', NULL, 1, '', '');
INSERT INTO health_entries (session_id, area, assessment, due_date, completed, feel_if_accomplish, what_if_dont) VALUES ('session-weekend-2024', 'Financial Health', '', NULL, 1, '', '');
INSERT INTO health_entries (session_id, area, assessment, due_date, completed, feel_if_accomplish, what_if_dont) VALUES ('session-weekend-2024', 'Mental Health', '', NULL, 1, '', '');
INSERT INTO health_entries (session_id, area, assessment, due_date, completed, feel_if_accomplish, what_if_dont) VALUES ('session-weekend-2024', 'Physical Health', '', NULL, 1, '', '');
INSERT INTO health_goals (session_id, area, goal_text, status, due_date, sort_order) VALUES ('session-weekend-2024', 'Spiritual Health', '', 'Not started', NULL, 0);
INSERT INTO health_goals (session_id, area, goal_text, status, due_date, sort_order) VALUES ('session-weekend-2024', 'Spiritual Health', '', 'Not started', NULL, 1);
INSERT INTO health_goals (session_id, area, goal_text, status, due_date, sort_order) VALUES ('session-weekend-2024', 'Spiritual Health', '', 'Not started', NULL, 2);
INSERT INTO health_goals (session_id, area, goal_text, status, due_date, sort_order) VALUES ('session-weekend-2024', 'Relational Health', '', 'Not started', NULL, 0);
INSERT INTO health_goals (session_id, area, goal_text, status, due_date, sort_order) VALUES ('session-weekend-2024', 'Relational Health', '', 'Not started', NULL, 1);
INSERT INTO health_goals (session_id, area, goal_text, status, due_date, sort_order) VALUES ('session-weekend-2024', 'Relational Health', '', 'Not started', NULL, 2);
INSERT INTO health_goals (session_id, area, goal_text, status, due_date, sort_order) VALUES ('session-weekend-2024', 'Financial Health', '', 'Not started', NULL, 0);
INSERT INTO health_goals (session_id, area, goal_text, status, due_date, sort_order) VALUES ('session-weekend-2024', 'Financial Health', '', 'Not started', NULL, 1);
INSERT INTO health_goals (session_id, area, goal_text, status, due_date, sort_order) VALUES ('session-weekend-2024', 'Financial Health', '', 'Not started', NULL, 2);
INSERT INTO health_goals (session_id, area, goal_text, status, due_date, sort_order) VALUES ('session-weekend-2024', 'Mental Health', '', 'Not started', NULL, 0);
INSERT INTO health_goals (session_id, area, goal_text, status, due_date, sort_order) VALUES ('session-weekend-2024', 'Mental Health', '', 'Not started', NULL, 1);
INSERT INTO health_goals (session_id, area, goal_text, status, due_date, sort_order) VALUES ('session-weekend-2024', 'Mental Health', '', 'Not started', NULL, 2);
INSERT INTO health_goals (session_id, area, goal_text, status, due_date, sort_order) VALUES ('session-weekend-2024', 'Physical Health', '', 'Not started', NULL, 0);
INSERT INTO health_goals (session_id, area, goal_text, status, due_date, sort_order) VALUES ('session-weekend-2024', 'Physical Health', '', 'Not started', NULL, 1);
INSERT INTO health_goals (session_id, area, goal_text, status, due_date, sort_order) VALUES ('session-weekend-2024', 'Physical Health', '', 'Not started', NULL, 2);
INSERT INTO goals (session_id, name, area, due_date, completed, notes) VALUES ('session-weekend-2024', 'Goal #1', 'Mental', '2023-11-18', 0, '');
INSERT INTO goals (session_id, name, area, due_date, completed, notes) VALUES ('session-weekend-2024', 'Goal #2', 'Physical', '2023-10-31', 0, '');
INSERT INTO goals (session_id, name, area, due_date, completed, notes) VALUES ('session-weekend-2024', 'Goal #3', 'Relational', '2023-11-03', 0, '');
INSERT INTO goals (session_id, name, area, due_date, completed, notes) VALUES ('session-weekend-2024', 'Goal #4', 'Financial', '2023-12-31', 0, '');
INSERT INTO goals (session_id, name, area, due_date, completed, notes) VALUES ('session-weekend-2024', 'Goal #5', 'Spiritual', '2023-12-31', 0, '');
INSERT INTO people (session_id, name, area, contacted, notes) VALUES ('session-weekend-2024', 'Mentor 1', 'Mental Health', 0, '');
INSERT INTO people (session_id, name, area, contacted, notes) VALUES ('session-weekend-2024', 'Mentor 2', 'Spiritual Health', 0, '');
INSERT INTO people (session_id, name, area, contacted, notes) VALUES ('session-weekend-2024', 'Mentor 3', 'Physical Health', 0, '');
INSERT INTO people (session_id, name, area, contacted, notes) VALUES ('session-weekend-2024', 'Mentor 4', 'Relational Health', 0, '');
INSERT INTO people (session_id, name, area, contacted, notes) VALUES ('session-weekend-2024', 'Mentor 5', 'Financial Health', 0, '');
INSERT INTO reflections (session_id, how_will_i_feel, what_if_i_dont) VALUES ('session-weekend-2024', '', '');
INSERT INTO sessions (id, title, date, status) VALUES ('session-jan-2025', 'RE:NEW (1)', '2025-01-31', 'completed');
INSERT INTO keys_entries (session_id, module_key, name, tags, time_allotted, user_response, completed, sort_order) VALUES ('session-jan-2025', 'reverence', 'Reverence', '["Acknowledge"]', '10 mins', '', 1, 0);
INSERT INTO keys_entries (session_id, module_key, name, tags, time_allotted, user_response, completed, sort_order) VALUES ('session-jan-2025', 'release', 'Release', '["Confession", "Forgiveness"]', '30 mins', '', 1, 1);
INSERT INTO keys_entries (session_id, module_key, name, tags, time_allotted, user_response, completed, sort_order) VALUES ('session-jan-2025', 'repent', 'Repent', '["Repent", "Renounce"]', '', '', 1, 2);
INSERT INTO keys_entries (session_id, module_key, name, tags, time_allotted, user_response, completed, sort_order) VALUES ('session-jan-2025', 'respond', 'Respond', '["Journal", "Seek"]', '', '', 1, 3);
INSERT INTO keys_entries (session_id, module_key, name, tags, time_allotted, user_response, completed, sort_order) VALUES ('session-jan-2025', 'receive', 'Receive', '["Soak", "Hear", "Journal", "Confirm"]', '1-2 hours', '', 1, 4);
INSERT INTO health_entries (session_id, area, assessment, due_date, completed, feel_if_accomplish, what_if_dont) VALUES ('session-jan-2025', 'Spiritual Health', '', NULL, 1, '', '');
INSERT INTO health_entries (session_id, area, assessment, due_date, completed, feel_if_accomplish, what_if_dont) VALUES ('session-jan-2025', 'Relational Health', '', NULL, 1, '', '');
INSERT INTO health_entries (session_id, area, assessment, due_date, completed, feel_if_accomplish, what_if_dont) VALUES ('session-jan-2025', 'Financial Health', '', NULL, 1, '', '');
INSERT INTO health_entries (session_id, area, assessment, due_date, completed, feel_if_accomplish, what_if_dont) VALUES ('session-jan-2025', 'Mental Health', '', NULL, 1, '', '');
INSERT INTO health_entries (session_id, area, assessment, due_date, completed, feel_if_accomplish, what_if_dont) VALUES ('session-jan-2025', 'Physical Health', '', NULL, 1, '', '');
INSERT INTO health_goals (session_id, area, goal_text, status, due_date, sort_order) VALUES ('session-jan-2025', 'Spiritual Health', '', 'Not started', NULL, 0);
INSERT INTO health_goals (session_id, area, goal_text, status, due_date, sort_order) VALUES ('session-jan-2025', 'Spiritual Health', '', 'Not started', NULL, 1);
INSERT INTO health_goals (session_id, area, goal_text, status, due_date, sort_order) VALUES ('session-jan-2025', 'Spiritual Health', '', 'Not started', NULL, 2);
INSERT INTO health_goals (session_id, area, goal_text, status, due_date, sort_order) VALUES ('session-jan-2025', 'Relational Health', '', 'Not started', NULL, 0);
INSERT INTO health_goals (session_id, area, goal_text, status, due_date, sort_order) VALUES ('session-jan-2025', 'Relational Health', '', 'Not started', NULL, 1);
INSERT INTO health_goals (session_id, area, goal_text, status, due_date, sort_order) VALUES ('session-jan-2025', 'Relational Health', '', 'Not started', NULL, 2);
INSERT INTO health_goals (session_id, area, goal_text, status, due_date, sort_order) VALUES ('session-jan-2025', 'Financial Health', '', 'Not started', NULL, 0);
INSERT INTO health_goals (session_id, area, goal_text, status, due_date, sort_order) VALUES ('session-jan-2025', 'Financial Health', '', 'Not started', NULL, 1);
INSERT INTO health_goals (session_id, area, goal_text, status, due_date, sort_order) VALUES ('session-jan-2025', 'Financial Health', '', 'Not started', NULL, 2);
INSERT INTO health_goals (session_id, area, goal_text, status, due_date, sort_order) VALUES ('session-jan-2025', 'Mental Health', '', 'Not started', NULL, 0);
INSERT INTO health_goals (session_id, area, goal_text, status, due_date, sort_order) VALUES ('session-jan-2025', 'Mental Health', '', 'Not started', NULL, 1);
INSERT INTO health_goals (session_id, area, goal_text, status, due_date, sort_order) VALUES ('session-jan-2025', 'Mental Health', '', 'Not started', NULL, 2);
INSERT INTO health_goals (session_id, area, goal_text, status, due_date, sort_order) VALUES ('session-jan-2025', 'Physical Health', '', 'Not started', NULL, 0);
INSERT INTO health_goals (session_id, area, goal_text, status, due_date, sort_order) VALUES ('session-jan-2025', 'Physical Health', '', 'Not started', NULL, 1);
INSERT INTO health_goals (session_id, area, goal_text, status, due_date, sort_order) VALUES ('session-jan-2025', 'Physical Health', '', 'Not started', NULL, 2);
INSERT INTO goals (session_id, name, area, due_date, completed, notes) VALUES ('session-jan-2025', 'Finish Building Tables', 'Mental', '2023-11-18', 0, '');
INSERT INTO goals (session_id, name, area, due_date, completed, notes) VALUES ('session-jan-2025', 'Lose 4" in waist', 'Physical', '2023-10-31', 0, '');
INSERT INTO goals (session_id, name, area, due_date, completed, notes) VALUES ('session-jan-2025', 'Anniversary Trip', 'Relational', '2023-11-03', 0, '');
INSERT INTO goals (session_id, name, area, due_date, completed, notes) VALUES ('session-jan-2025', 'Pay off RH Refunds', 'Financial', '2023-12-31', 0, '');
INSERT INTO goals (session_id, name, area, due_date, completed, notes) VALUES ('session-jan-2025', 'Publish Sabbatical Template', 'Spiritual', '2023-12-31', 0, '');
INSERT INTO people (session_id, name, area, contacted, notes) VALUES ('session-jan-2025', 'Mentor 1', 'Mental Health', 0, '');
INSERT INTO people (session_id, name, area, contacted, notes) VALUES ('session-jan-2025', 'Roger', 'Spiritual Health', 0, '');
INSERT INTO people (session_id, name, area, contacted, notes) VALUES ('session-jan-2025', 'Brandon', 'Physical Health', 0, '');
INSERT INTO people (session_id, name, area, contacted, notes) VALUES ('session-jan-2025', 'John', 'Relational Health', 0, '');
INSERT INTO people (session_id, name, area, contacted, notes) VALUES ('session-jan-2025', 'Paola', 'Financial Health', 0, '');
INSERT INTO reflections (session_id, how_will_i_feel, what_if_i_dont) VALUES ('session-jan-2025', '', '');
INSERT INTO sessions (id, title, date, status) VALUES ('session-feb-2025', 'RE:NEW | 02-2025', '2025-02-01', 'completed');
INSERT INTO keys_entries (session_id, module_key, name, tags, time_allotted, user_response, completed, sort_order) VALUES ('session-feb-2025', 'reverence', 'Reverence', '["Acknowledge"]', '10 mins', '', 1, 0);
INSERT INTO keys_entries (session_id, module_key, name, tags, time_allotted, user_response, completed, sort_order) VALUES ('session-feb-2025', 'release', 'Release', '["Confession", "Forgiveness"]', '30 mins', '', 1, 1);
INSERT INTO keys_entries (session_id, module_key, name, tags, time_allotted, user_response, completed, sort_order) VALUES ('session-feb-2025', 'repent', 'Repent', '["Repent", "Renounce"]', '', '', 1, 2);
INSERT INTO keys_entries (session_id, module_key, name, tags, time_allotted, user_response, completed, sort_order) VALUES ('session-feb-2025', 'respond', 'Respond', '["Journal", "Seek"]', '', '', 1, 3);
INSERT INTO keys_entries (session_id, module_key, name, tags, time_allotted, user_response, completed, sort_order) VALUES ('session-feb-2025', 'receive', 'Receive', '["Soak", "Hear", "Journal", "Confirm"]', '1-2 hours', '', 1, 4);
INSERT INTO health_entries (session_id, area, assessment, due_date, completed, feel_if_accomplish, what_if_dont) VALUES ('session-feb-2025', 'Spiritual Health', '', '2026-04-30', 1, '', '');
INSERT INTO health_entries (session_id, area, assessment, due_date, completed, feel_if_accomplish, what_if_dont) VALUES ('session-feb-2025', 'Relational Health', '', '2026-04-30', 1, '', '');
INSERT INTO health_entries (session_id, area, assessment, due_date, completed, feel_if_accomplish, what_if_dont) VALUES ('session-feb-2025', 'Financial Health', '', '2026-04-30', 1, '', '');
INSERT INTO health_entries (session_id, area, assessment, due_date, completed, feel_if_accomplish, what_if_dont) VALUES ('session-feb-2025', 'Mental Health', '', '2026-04-30', 1, '', '');
INSERT INTO health_entries (session_id, area, assessment, due_date, completed, feel_if_accomplish, what_if_dont) VALUES ('session-feb-2025', 'Physical Health', '', '2026-04-30', 1, '', '');
INSERT INTO health_goals (session_id, area, goal_text, status, due_date, sort_order) VALUES ('session-feb-2025', 'Spiritual Health', '', 'Not started', NULL, 0);
INSERT INTO health_goals (session_id, area, goal_text, status, due_date, sort_order) VALUES ('session-feb-2025', 'Spiritual Health', '', 'Not started', NULL, 1);
INSERT INTO health_goals (session_id, area, goal_text, status, due_date, sort_order) VALUES ('session-feb-2025', 'Spiritual Health', '', 'Not started', NULL, 2);
INSERT INTO health_goals (session_id, area, goal_text, status, due_date, sort_order) VALUES ('session-feb-2025', 'Relational Health', '', 'Not started', NULL, 0);
INSERT INTO health_goals (session_id, area, goal_text, status, due_date, sort_order) VALUES ('session-feb-2025', 'Relational Health', '', 'Not started', NULL, 1);
INSERT INTO health_goals (session_id, area, goal_text, status, due_date, sort_order) VALUES ('session-feb-2025', 'Relational Health', '', 'Not started', NULL, 2);
INSERT INTO health_goals (session_id, area, goal_text, status, due_date, sort_order) VALUES ('session-feb-2025', 'Financial Health', '', 'Not started', NULL, 0);
INSERT INTO health_goals (session_id, area, goal_text, status, due_date, sort_order) VALUES ('session-feb-2025', 'Financial Health', '', 'Not started', NULL, 1);
INSERT INTO health_goals (session_id, area, goal_text, status, due_date, sort_order) VALUES ('session-feb-2025', 'Financial Health', '', 'Not started', NULL, 2);
INSERT INTO health_goals (session_id, area, goal_text, status, due_date, sort_order) VALUES ('session-feb-2025', 'Mental Health', '', 'Not started', NULL, 0);
INSERT INTO health_goals (session_id, area, goal_text, status, due_date, sort_order) VALUES ('session-feb-2025', 'Mental Health', '', 'Not started', NULL, 1);
INSERT INTO health_goals (session_id, area, goal_text, status, due_date, sort_order) VALUES ('session-feb-2025', 'Mental Health', '', 'Not started', NULL, 2);
INSERT INTO health_goals (session_id, area, goal_text, status, due_date, sort_order) VALUES ('session-feb-2025', 'Physical Health', '', 'Not started', NULL, 0);
INSERT INTO health_goals (session_id, area, goal_text, status, due_date, sort_order) VALUES ('session-feb-2025', 'Physical Health', '', 'Not started', NULL, 1);
INSERT INTO health_goals (session_id, area, goal_text, status, due_date, sort_order) VALUES ('session-feb-2025', 'Physical Health', '', 'Not started', NULL, 2);
INSERT INTO goals (session_id, name, area, due_date, completed, notes) VALUES ('session-feb-2025', '', 'Mental', NULL, 0, '');
INSERT INTO goals (session_id, name, area, due_date, completed, notes) VALUES ('session-feb-2025', '', 'Physical', NULL, 0, '');
INSERT INTO goals (session_id, name, area, due_date, completed, notes) VALUES ('session-feb-2025', '', 'Relational', NULL, 0, '');
INSERT INTO goals (session_id, name, area, due_date, completed, notes) VALUES ('session-feb-2025', '', 'Financial', NULL, 0, '');
INSERT INTO goals (session_id, name, area, due_date, completed, notes) VALUES ('session-feb-2025', '', 'Spiritual', NULL, 0, '');
INSERT INTO people (session_id, name, area, contacted, notes) VALUES ('session-feb-2025', 'David Hicks', 'Mental Health', 0, '');
INSERT INTO people (session_id, name, area, contacted, notes) VALUES ('session-feb-2025', 'Pat Gray', 'Spiritual Health', 0, '');
INSERT INTO people (session_id, name, area, contacted, notes) VALUES ('session-feb-2025', 'Adrian DelGado', 'Physical Health', 0, '');
INSERT INTO people (session_id, name, area, contacted, notes) VALUES ('session-feb-2025', 'Robert Harris', 'Relational Health', 0, '');
INSERT INTO people (session_id, name, area, contacted, notes) VALUES ('session-feb-2025', 'Paola Guzman', 'Financial Health', 0, '');
INSERT INTO reflections (session_id, how_will_i_feel, what_if_i_dont) VALUES ('session-feb-2025', '', '');
INSERT INTO sessions (id, title, date, status) VALUES ('session-aug-2025', 'RE:NEW - Aug 2025', '2025-08-09', 'completed');
INSERT INTO keys_entries (session_id, module_key, name, tags, time_allotted, user_response, completed, sort_order) VALUES ('session-aug-2025', 'reverence', 'Reverence', '["Acknowledge"]', '10 mins', '', 1, 0);
INSERT INTO keys_entries (session_id, module_key, name, tags, time_allotted, user_response, completed, sort_order) VALUES ('session-aug-2025', 'release', 'Release', '["Confession", "Forgiveness"]', '30 mins', '', 1, 1);
INSERT INTO keys_entries (session_id, module_key, name, tags, time_allotted, user_response, completed, sort_order) VALUES ('session-aug-2025', 'repent', 'Repent', '["Repent", "Renounce"]', '', '', 1, 2);
INSERT INTO keys_entries (session_id, module_key, name, tags, time_allotted, user_response, completed, sort_order) VALUES ('session-aug-2025', 'respond', 'Respond', '["Journal", "Seek"]', '', '', 1, 3);
INSERT INTO keys_entries (session_id, module_key, name, tags, time_allotted, user_response, completed, sort_order) VALUES ('session-aug-2025', 'receive', 'Receive', '["Soak", "Hear", "Journal", "Confirm"]', '1-2 hours', '', 1, 4);
INSERT INTO health_entries (session_id, area, assessment, due_date, completed, feel_if_accomplish, what_if_dont) VALUES ('session-aug-2025', 'Spiritual Health', '', NULL, 1, '', '');
INSERT INTO health_entries (session_id, area, assessment, due_date, completed, feel_if_accomplish, what_if_dont) VALUES ('session-aug-2025', 'Relational Health', '', NULL, 1, '', '');
INSERT INTO health_entries (session_id, area, assessment, due_date, completed, feel_if_accomplish, what_if_dont) VALUES ('session-aug-2025', 'Financial Health', '', NULL, 1, '', '');
INSERT INTO health_entries (session_id, area, assessment, due_date, completed, feel_if_accomplish, what_if_dont) VALUES ('session-aug-2025', 'Mental Health', '', NULL, 1, '', '');
INSERT INTO health_entries (session_id, area, assessment, due_date, completed, feel_if_accomplish, what_if_dont) VALUES ('session-aug-2025', 'Physical Health', '', NULL, 1, '', '');
INSERT INTO health_goals (session_id, area, goal_text, status, due_date, sort_order) VALUES ('session-aug-2025', 'Spiritual Health', '', 'Not started', NULL, 0);
INSERT INTO health_goals (session_id, area, goal_text, status, due_date, sort_order) VALUES ('session-aug-2025', 'Spiritual Health', '', 'Not started', NULL, 1);
INSERT INTO health_goals (session_id, area, goal_text, status, due_date, sort_order) VALUES ('session-aug-2025', 'Spiritual Health', '', 'Not started', NULL, 2);
INSERT INTO health_goals (session_id, area, goal_text, status, due_date, sort_order) VALUES ('session-aug-2025', 'Relational Health', '', 'Not started', NULL, 0);
INSERT INTO health_goals (session_id, area, goal_text, status, due_date, sort_order) VALUES ('session-aug-2025', 'Relational Health', '', 'Not started', NULL, 1);
INSERT INTO health_goals (session_id, area, goal_text, status, due_date, sort_order) VALUES ('session-aug-2025', 'Relational Health', '', 'Not started', NULL, 2);
INSERT INTO health_goals (session_id, area, goal_text, status, due_date, sort_order) VALUES ('session-aug-2025', 'Financial Health', '', 'Not started', NULL, 0);
INSERT INTO health_goals (session_id, area, goal_text, status, due_date, sort_order) VALUES ('session-aug-2025', 'Financial Health', '', 'Not started', NULL, 1);
INSERT INTO health_goals (session_id, area, goal_text, status, due_date, sort_order) VALUES ('session-aug-2025', 'Financial Health', '', 'Not started', NULL, 2);
INSERT INTO health_goals (session_id, area, goal_text, status, due_date, sort_order) VALUES ('session-aug-2025', 'Mental Health', '', 'Not started', NULL, 0);
INSERT INTO health_goals (session_id, area, goal_text, status, due_date, sort_order) VALUES ('session-aug-2025', 'Mental Health', '', 'Not started', NULL, 1);
INSERT INTO health_goals (session_id, area, goal_text, status, due_date, sort_order) VALUES ('session-aug-2025', 'Mental Health', '', 'Not started', NULL, 2);
INSERT INTO health_goals (session_id, area, goal_text, status, due_date, sort_order) VALUES ('session-aug-2025', 'Physical Health', '', 'Not started', NULL, 0);
INSERT INTO health_goals (session_id, area, goal_text, status, due_date, sort_order) VALUES ('session-aug-2025', 'Physical Health', '', 'Not started', NULL, 1);
INSERT INTO health_goals (session_id, area, goal_text, status, due_date, sort_order) VALUES ('session-aug-2025', 'Physical Health', '', 'Not started', NULL, 2);
INSERT INTO goals (session_id, name, area, due_date, completed, notes) VALUES ('session-aug-2025', 'Finish Building Tables', 'Mental', '2023-11-18', 0, '');
INSERT INTO goals (session_id, name, area, due_date, completed, notes) VALUES ('session-aug-2025', 'Lose 4" in waist', 'Physical', '2023-10-31', 0, '');
INSERT INTO goals (session_id, name, area, due_date, completed, notes) VALUES ('session-aug-2025', 'Anniversary Trip', 'Relational', '2023-11-03', 0, '');
INSERT INTO goals (session_id, name, area, due_date, completed, notes) VALUES ('session-aug-2025', 'Pay off RH Refunds', 'Financial', '2023-12-31', 0, '');
INSERT INTO goals (session_id, name, area, due_date, completed, notes) VALUES ('session-aug-2025', 'Publish Sabbatical Template', 'Spiritual', '2023-12-31', 0, '');
INSERT INTO people (session_id, name, area, contacted, notes) VALUES ('session-aug-2025', 'Mentor 1', 'Mental Health', 0, '');
INSERT INTO people (session_id, name, area, contacted, notes) VALUES ('session-aug-2025', 'Roger', 'Spiritual Health', 0, '');
INSERT INTO people (session_id, name, area, contacted, notes) VALUES ('session-aug-2025', 'Brandon', 'Physical Health', 0, '');
INSERT INTO people (session_id, name, area, contacted, notes) VALUES ('session-aug-2025', 'John', 'Relational Health', 0, '');
INSERT INTO people (session_id, name, area, contacted, notes) VALUES ('session-aug-2025', 'Paola', 'Financial Health', 0, '');
INSERT INTO reflections (session_id, how_will_i_feel, what_if_i_dont) VALUES ('session-aug-2025', '', '');
INSERT INTO sessions (id, title, date, status) VALUES ('session-jan-2026', 'RE:NEW | Jan 2026', '2026-01-04', 'completed');
INSERT INTO keys_entries (session_id, module_key, name, tags, time_allotted, user_response, completed, sort_order) VALUES ('session-jan-2026', 'reverence', 'Reverence', '["Acknowledge"]', '10 mins', '', 1, 0);
INSERT INTO keys_entries (session_id, module_key, name, tags, time_allotted, user_response, completed, sort_order) VALUES ('session-jan-2026', 'release', 'Release', '["Confession", "Forgiveness"]', '30 mins', '', 1, 1);
INSERT INTO keys_entries (session_id, module_key, name, tags, time_allotted, user_response, completed, sort_order) VALUES ('session-jan-2026', 'repent', 'Repent', '["Repent", "Renounce"]', '', '', 1, 2);
INSERT INTO keys_entries (session_id, module_key, name, tags, time_allotted, user_response, completed, sort_order) VALUES ('session-jan-2026', 'respond', 'Respond', '["Journal", "Seek"]', '', '', 1, 3);
INSERT INTO keys_entries (session_id, module_key, name, tags, time_allotted, user_response, completed, sort_order) VALUES ('session-jan-2026', 'receive', 'Receive', '["Soak", "Hear", "Journal", "Confirm"]', '1-2 hours', '', 1, 4);
INSERT INTO health_entries (session_id, area, assessment, due_date, completed, feel_if_accomplish, what_if_dont) VALUES ('session-jan-2026', 'Spiritual Health', '', NULL, 1, '', '');
INSERT INTO health_entries (session_id, area, assessment, due_date, completed, feel_if_accomplish, what_if_dont) VALUES ('session-jan-2026', 'Relational Health', '', NULL, 1, '', '');
INSERT INTO health_entries (session_id, area, assessment, due_date, completed, feel_if_accomplish, what_if_dont) VALUES ('session-jan-2026', 'Financial Health', '', NULL, 1, '', '');
INSERT INTO health_entries (session_id, area, assessment, due_date, completed, feel_if_accomplish, what_if_dont) VALUES ('session-jan-2026', 'Mental Health', '', NULL, 1, '', '');
INSERT INTO health_entries (session_id, area, assessment, due_date, completed, feel_if_accomplish, what_if_dont) VALUES ('session-jan-2026', 'Physical Health', '', NULL, 1, '', '');
INSERT INTO health_goals (session_id, area, goal_text, status, due_date, sort_order) VALUES ('session-jan-2026', 'Spiritual Health', '', 'Not started', NULL, 0);
INSERT INTO health_goals (session_id, area, goal_text, status, due_date, sort_order) VALUES ('session-jan-2026', 'Spiritual Health', '', 'Not started', NULL, 1);
INSERT INTO health_goals (session_id, area, goal_text, status, due_date, sort_order) VALUES ('session-jan-2026', 'Spiritual Health', '', 'Not started', NULL, 2);
INSERT INTO health_goals (session_id, area, goal_text, status, due_date, sort_order) VALUES ('session-jan-2026', 'Relational Health', '', 'Not started', NULL, 0);
INSERT INTO health_goals (session_id, area, goal_text, status, due_date, sort_order) VALUES ('session-jan-2026', 'Relational Health', '', 'Not started', NULL, 1);
INSERT INTO health_goals (session_id, area, goal_text, status, due_date, sort_order) VALUES ('session-jan-2026', 'Relational Health', '', 'Not started', NULL, 2);
INSERT INTO health_goals (session_id, area, goal_text, status, due_date, sort_order) VALUES ('session-jan-2026', 'Financial Health', '', 'Not started', NULL, 0);
INSERT INTO health_goals (session_id, area, goal_text, status, due_date, sort_order) VALUES ('session-jan-2026', 'Financial Health', '', 'Not started', NULL, 1);
INSERT INTO health_goals (session_id, area, goal_text, status, due_date, sort_order) VALUES ('session-jan-2026', 'Financial Health', '', 'Not started', NULL, 2);
INSERT INTO health_goals (session_id, area, goal_text, status, due_date, sort_order) VALUES ('session-jan-2026', 'Mental Health', '', 'Not started', NULL, 0);
INSERT INTO health_goals (session_id, area, goal_text, status, due_date, sort_order) VALUES ('session-jan-2026', 'Mental Health', '', 'Not started', NULL, 1);
INSERT INTO health_goals (session_id, area, goal_text, status, due_date, sort_order) VALUES ('session-jan-2026', 'Mental Health', '', 'Not started', NULL, 2);
INSERT INTO health_goals (session_id, area, goal_text, status, due_date, sort_order) VALUES ('session-jan-2026', 'Physical Health', '', 'Not started', NULL, 0);
INSERT INTO health_goals (session_id, area, goal_text, status, due_date, sort_order) VALUES ('session-jan-2026', 'Physical Health', '', 'Not started', NULL, 1);
INSERT INTO health_goals (session_id, area, goal_text, status, due_date, sort_order) VALUES ('session-jan-2026', 'Physical Health', '', 'Not started', NULL, 2);
INSERT INTO goals (session_id, name, area, due_date, completed, notes) VALUES ('session-jan-2026', 'Setup Notion Habit-Tracker', 'Mental', '2026-04-30', 0, '');
INSERT INTO goals (session_id, name, area, due_date, completed, notes) VALUES ('session-jan-2026', 'Schedule Hernia Surgery', 'Physical', '2026-04-30', 0, '');
INSERT INTO goals (session_id, name, area, due_date, completed, notes) VALUES ('session-jan-2026', '', 'Relational', '2026-04-30', 0, '');
INSERT INTO goals (session_id, name, area, due_date, completed, notes) VALUES ('session-jan-2026', '$15K/mth income', 'Financial', '2026-04-30', 0, '');
INSERT INTO goals (session_id, name, area, due_date, completed, notes) VALUES ('session-jan-2026', 'Read Celebration of Discipline', 'Spiritual', '2026-04-30', 0, '');
INSERT INTO people (session_id, name, area, contacted, notes) VALUES ('session-jan-2026', 'Find a Therapist', 'Mental Health', 0, '');
INSERT INTO people (session_id, name, area, contacted, notes) VALUES ('session-jan-2026', '', 'Spiritual Health', 0, '');
INSERT INTO people (session_id, name, area, contacted, notes) VALUES ('session-jan-2026', '', 'Physical Health', 0, '');
INSERT INTO people (session_id, name, area, contacted, notes) VALUES ('session-jan-2026', 'John Critz', 'Relational Health', 0, '');
INSERT INTO people (session_id, name, area, contacted, notes) VALUES ('session-jan-2026', '', 'Financial Health', 0, '');
INSERT INTO reflections (session_id, how_will_i_feel, what_if_i_dont) VALUES ('session-jan-2026', '', '');
INSERT OR REPLACE INTO app_meta (key, val) VALUES ('seed_version', '2');